{"frames": {

"BossHealthBar.png":
{
	"frame": {"x":66,"y":0,"w":596,"h":24},
	"rotated": false,
	"trimmed": false,
	"spriteSourceSize": {"x":0,"y":0,"w":596,"h":24},
	"sourceSize": {"w":596,"h":24}
},
"BossHealthBarBG.png":
{
	"frame": {"x":58,"y":82,"w":612,"h":40},
	"rotated": false,
	"trimmed": false,
	"spriteSourceSize": {"x":0,"y":0,"w":612,"h":40},
	"sourceSize": {"w":612,"h":40}
},
"BossHealthBarMask.png":
{
	"frame": {"x":0,"y":24,"w":596,"h":24},
	"rotated": false,
	"trimmed": false,
	"spriteSourceSize": {"x":0,"y":0,"w":596,"h":24},
	"sourceSize": {"w":596,"h":24}
},
"BossType1.png":
{
	"frame": {"x":0,"y":384,"w":126,"h":122},
	"rotated": false,
	"trimmed": false,
	"spriteSourceSize": {"x":0,"y":0,"w":126,"h":122},
	"sourceSize": {"w":126,"h":122}
},
"BossType1Wings.png":
{
	"frame": {"x":220,"y":132,"w":242,"h":56},
	"rotated": false,
	"trimmed": false,
	"spriteSourceSize": {"x":0,"y":0,"w":242,"h":56},
	"sourceSize": {"w":242,"h":56}
},
"BottomArtwork.png":
{
	"frame": {"x":246,"y":278,"w":640,"h":106},
	"rotated": false,
	"trimmed": false,
	"spriteSourceSize": {"x":0,"y":0,"w":640,"h":106},
	"sourceSize": {"w":640,"h":106}
},
"BulletType1.png":
{
	"frame": {"x":50,"y":132,"w":38,"h":50},
	"rotated": false,
	"trimmed": false,
	"spriteSourceSize": {"x":0,"y":0,"w":38,"h":50},
	"sourceSize": {"w":38,"h":50}
},
"BulletType1Upgraded.png":
{
	"frame": {"x":562,"y":132,"w":56,"h":64},
	"rotated": false,
	"trimmed": false,
	"spriteSourceSize": {"x":0,"y":0,"w":56,"h":64},
	"sourceSize": {"w":56,"h":64}
},
"BulletType2.png":
{
	"frame": {"x":462,"y":132,"w":38,"h":60},
	"rotated": false,
	"trimmed": false,
	"spriteSourceSize": {"x":0,"y":0,"w":38,"h":60},
	"sourceSize": {"w":38,"h":60}
},
"BulletType2Propulsory.png":
{
	"frame": {"x":0,"y":0,"w":10,"h":18},
	"rotated": false,
	"trimmed": false,
	"spriteSourceSize": {"x":0,"y":0,"w":10,"h":18},
	"sourceSize": {"w":10,"h":18}
},
"BulletType2Upgraded.png":
{
	"frame": {"x":618,"y":132,"w":40,"h":66},
	"rotated": false,
	"trimmed": false,
	"spriteSourceSize": {"x":0,"y":0,"w":40,"h":66},
	"sourceSize": {"w":40,"h":66}
},
"BulletType3.png":
{
	"frame": {"x":408,"y":384,"w":38,"h":920},
	"rotated": false,
	"trimmed": false,
	"spriteSourceSize": {"x":0,"y":0,"w":38,"h":920},
	"sourceSize": {"w":38,"h":920}
},
"BulletType3Upgraded.png":
{
	"frame": {"x":446,"y":384,"w":38,"h":920},
	"rotated": false,
	"trimmed": false,
	"spriteSourceSize": {"x":0,"y":0,"w":38,"h":920},
	"sourceSize": {"w":38,"h":920}
},
"CollectibleStar.png":
{
	"frame": {"x":222,"y":52,"w":30,"h":28},
	"rotated": false,
	"trimmed": false,
	"spriteSourceSize": {"x":0,"y":0,"w":30,"h":28},
	"sourceSize": {"w":30,"h":28}
},
"EnemyBulletType1.png":
{
	"frame": {"x":0,"y":132,"w":50,"h":50},
	"rotated": false,
	"trimmed": false,
	"spriteSourceSize": {"x":0,"y":0,"w":50,"h":50},
	"sourceSize": {"w":50,"h":50}
},
"EnemyBulletType2.png":
{
	"frame": {"x":902,"y":82,"w":50,"h":50},
	"rotated": false,
	"trimmed": false,
	"spriteSourceSize": {"x":0,"y":0,"w":50,"h":50},
	"sourceSize": {"w":50,"h":50}
},
"EnemyBulletType3.png":
{
	"frame": {"x":126,"y":384,"w":34,"h":140},
	"rotated": false,
	"trimmed": false,
	"spriteSourceSize": {"x":0,"y":0,"w":34,"h":140},
	"sourceSize": {"w":34,"h":140}
},
"EnemyBulletType3Origin.png":
{
	"frame": {"x":722,"y":82,"w":44,"h":44},
	"rotated": false,
	"trimmed": false,
	"spriteSourceSize": {"x":0,"y":0,"w":44,"h":44},
	"sourceSize": {"w":44,"h":44}
},
"EnemyBulletType4.png":
{
	"frame": {"x":670,"y":82,"w":52,"h":44},
	"rotated": false,
	"trimmed": false,
	"spriteSourceSize": {"x":0,"y":0,"w":52,"h":44},
	"sourceSize": {"w":52,"h":44}
},
"EnemyType1.png":
{
	"frame": {"x":766,"y":82,"w":50,"h":46},
	"rotated": false,
	"trimmed": false,
	"spriteSourceSize": {"x":0,"y":0,"w":50,"h":46},
	"sourceSize": {"w":50,"h":46}
},
"EnemyType2.png":
{
	"frame": {"x":500,"y":132,"w":62,"h":62},
	"rotated": false,
	"trimmed": false,
	"spriteSourceSize": {"x":0,"y":0,"w":62,"h":62},
	"sourceSize": {"w":62,"h":62}
},
"EnemyType3.png":
{
	"frame": {"x":138,"y":132,"w":82,"h":54},
	"rotated": false,
	"trimmed": false,
	"spriteSourceSize": {"x":0,"y":0,"w":82,"h":54},
	"sourceSize": {"w":82,"h":54}
},
"EnemyType4.png":
{
	"frame": {"x":816,"y":82,"w":86,"h":48},
	"rotated": false,
	"trimmed": false,
	"spriteSourceSize": {"x":0,"y":0,"w":86,"h":48},
	"sourceSize": {"w":86,"h":48}
},
"EnemyType4Base.png":
{
	"frame": {"x":734,"y":132,"w":68,"h":68},
	"rotated": false,
	"trimmed": false,
	"spriteSourceSize": {"x":0,"y":0,"w":68,"h":68},
	"sourceSize": {"w":68,"h":68}
},
"Explode.png":
{
	"frame": {"x":890,"y":52,"w":30,"h":30},
	"rotated": false,
	"trimmed": false,
	"spriteSourceSize": {"x":0,"y":0,"w":30,"h":30},
	"sourceSize": {"w":30,"h":30}
},
"PauseButton.png":
{
	"frame": {"x":596,"y":24,"w":26,"h":26},
	"rotated": false,
	"trimmed": false,
	"spriteSourceSize": {"x":0,"y":0,"w":26,"h":26},
	"sourceSize": {"w":26,"h":26}
},
"PlayerHealthBar.png":
{
	"frame": {"x":344,"y":384,"w":24,"h":242},
	"rotated": false,
	"trimmed": false,
	"spriteSourceSize": {"x":0,"y":0,"w":24,"h":242},
	"sourceSize": {"w":24,"h":242}
},
"PlayerHealthBarBG.png":
{
	"frame": {"x":368,"y":384,"w":40,"h":258},
	"rotated": false,
	"trimmed": false,
	"spriteSourceSize": {"x":0,"y":0,"w":40,"h":258},
	"sourceSize": {"w":40,"h":258}
},
"PlayerHealthBarMask.png":
{
	"frame": {"x":320,"y":384,"w":24,"h":242},
	"rotated": false,
	"trimmed": false,
	"spriteSourceSize": {"x":0,"y":0,"w":24,"h":242},
	"sourceSize": {"w":24,"h":242}
},
"Propul-1-1.png":
{
	"frame": {"x":38,"y":0,"w":14,"h":22},
	"rotated": false,
	"trimmed": false,
	"spriteSourceSize": {"x":0,"y":0,"w":14,"h":22},
	"sourceSize": {"w":14,"h":22}
},
"Propul-1-2.png":
{
	"frame": {"x":24,"y":0,"w":14,"h":22},
	"rotated": false,
	"trimmed": false,
	"spriteSourceSize": {"x":0,"y":0,"w":14,"h":22},
	"sourceSize": {"w":14,"h":22}
},
"Propul-1-3.png":
{
	"frame": {"x":10,"y":0,"w":14,"h":22},
	"rotated": false,
	"trimmed": false,
	"spriteSourceSize": {"x":0,"y":0,"w":14,"h":22},
	"sourceSize": {"w":14,"h":22}
},
"Propul-1-4.png":
{
	"frame": {"x":52,"y":0,"w":14,"h":22},
	"rotated": false,
	"trimmed": false,
	"spriteSourceSize": {"x":0,"y":0,"w":14,"h":22},
	"sourceSize": {"w":14,"h":22}
},
"Propul-2D-1.png":
{
	"frame": {"x":760,"y":24,"w":42,"h":28},
	"rotated": false,
	"trimmed": false,
	"spriteSourceSize": {"x":0,"y":0,"w":42,"h":28},
	"sourceSize": {"w":42,"h":28}
},
"Propul-2D-2.png":
{
	"frame": {"x":802,"y":24,"w":42,"h":28},
	"rotated": false,
	"trimmed": false,
	"spriteSourceSize": {"x":0,"y":0,"w":42,"h":28},
	"sourceSize": {"w":42,"h":28}
},
"Propul-2D-3.png":
{
	"frame": {"x":88,"y":52,"w":42,"h":28},
	"rotated": false,
	"trimmed": false,
	"spriteSourceSize": {"x":0,"y":0,"w":42,"h":28},
	"sourceSize": {"w":42,"h":28}
},
"Propul-2D-4.png":
{
	"frame": {"x":46,"y":52,"w":42,"h":28},
	"rotated": false,
	"trimmed": false,
	"spriteSourceSize": {"x":0,"y":0,"w":42,"h":28},
	"sourceSize": {"w":42,"h":28}
},
"Propul-2L-1.png":
{
	"frame": {"x":130,"y":52,"w":46,"h":28},
	"rotated": false,
	"trimmed": false,
	"spriteSourceSize": {"x":0,"y":0,"w":46,"h":28},
	"sourceSize": {"w":46,"h":28}
},
"Propul-2L-2.png":
{
	"frame": {"x":0,"y":52,"w":46,"h":28},
	"rotated": false,
	"trimmed": false,
	"spriteSourceSize": {"x":0,"y":0,"w":46,"h":28},
	"sourceSize": {"w":46,"h":28}
},
"Propul-2L-3.png":
{
	"frame": {"x":176,"y":52,"w":46,"h":28},
	"rotated": false,
	"trimmed": false,
	"spriteSourceSize": {"x":0,"y":0,"w":46,"h":28},
	"sourceSize": {"w":46,"h":28}
},
"Propul-2L-4.png":
{
	"frame": {"x":844,"y":24,"w":46,"h":28},
	"rotated": false,
	"trimmed": false,
	"spriteSourceSize": {"x":0,"y":0,"w":46,"h":28},
	"sourceSize": {"w":46,"h":28}
},
"Propul-2R-1.png":
{
	"frame": {"x":890,"y":24,"w":46,"h":28},
	"rotated": false,
	"trimmed": false,
	"spriteSourceSize": {"x":0,"y":0,"w":46,"h":28},
	"sourceSize": {"w":46,"h":28}
},
"Propul-2R-2.png":
{
	"frame": {"x":622,"y":24,"w":46,"h":28},
	"rotated": false,
	"trimmed": false,
	"spriteSourceSize": {"x":0,"y":0,"w":46,"h":28},
	"sourceSize": {"w":46,"h":28}
},
"Propul-2R-3.png":
{
	"frame": {"x":714,"y":24,"w":46,"h":28},
	"rotated": false,
	"trimmed": false,
	"spriteSourceSize": {"x":0,"y":0,"w":46,"h":28},
	"sourceSize": {"w":46,"h":28}
},
"Propul-2R-4.png":
{
	"frame": {"x":668,"y":24,"w":46,"h":28},
	"rotated": false,
	"trimmed": false,
	"spriteSourceSize": {"x":0,"y":0,"w":46,"h":28},
	"sourceSize": {"w":46,"h":28}
},
"Propul-3D-1.png":
{
	"frame": {"x":484,"y":52,"w":58,"h":30},
	"rotated": false,
	"trimmed": false,
	"spriteSourceSize": {"x":0,"y":0,"w":58,"h":30},
	"sourceSize": {"w":58,"h":30}
},
"Propul-3D-2.png":
{
	"frame": {"x":426,"y":52,"w":58,"h":30},
	"rotated": false,
	"trimmed": false,
	"spriteSourceSize": {"x":0,"y":0,"w":58,"h":30},
	"sourceSize": {"w":58,"h":30}
},
"Propul-3D-3.png":
{
	"frame": {"x":368,"y":52,"w":58,"h":30},
	"rotated": false,
	"trimmed": false,
	"spriteSourceSize": {"x":0,"y":0,"w":58,"h":30},
	"sourceSize": {"w":58,"h":30}
},
"Propul-3D-4.png":
{
	"frame": {"x":252,"y":52,"w":58,"h":30},
	"rotated": false,
	"trimmed": false,
	"spriteSourceSize": {"x":0,"y":0,"w":58,"h":30},
	"sourceSize": {"w":58,"h":30}
},
"Propul-3L-1.png":
{
	"frame": {"x":658,"y":52,"w":58,"h":30},
	"rotated": false,
	"trimmed": false,
	"spriteSourceSize": {"x":0,"y":0,"w":58,"h":30},
	"sourceSize": {"w":58,"h":30}
},
"Propul-3L-2.png":
{
	"frame": {"x":310,"y":52,"w":58,"h":30},
	"rotated": false,
	"trimmed": false,
	"spriteSourceSize": {"x":0,"y":0,"w":58,"h":30},
	"sourceSize": {"w":58,"h":30}
},
"Propul-3L-3.png":
{
	"frame": {"x":600,"y":52,"w":58,"h":30},
	"rotated": false,
	"trimmed": false,
	"spriteSourceSize": {"x":0,"y":0,"w":58,"h":30},
	"sourceSize": {"w":58,"h":30}
},
"Propul-3L-4.png":
{
	"frame": {"x":542,"y":52,"w":58,"h":30},
	"rotated": false,
	"trimmed": false,
	"spriteSourceSize": {"x":0,"y":0,"w":58,"h":30},
	"sourceSize": {"w":58,"h":30}
},
"Propul-3R-1.png":
{
	"frame": {"x":0,"y":82,"w":58,"h":30},
	"rotated": false,
	"trimmed": false,
	"spriteSourceSize": {"x":0,"y":0,"w":58,"h":30},
	"sourceSize": {"w":58,"h":30}
},
"Propul-3R-2.png":
{
	"frame": {"x":832,"y":52,"w":58,"h":30},
	"rotated": false,
	"trimmed": false,
	"spriteSourceSize": {"x":0,"y":0,"w":58,"h":30},
	"sourceSize": {"w":58,"h":30}
},
"Propul-3R-3.png":
{
	"frame": {"x":774,"y":52,"w":58,"h":30},
	"rotated": false,
	"trimmed": false,
	"spriteSourceSize": {"x":0,"y":0,"w":58,"h":30},
	"sourceSize": {"w":58,"h":30}
},
"Propul-3R-4.png":
{
	"frame": {"x":716,"y":52,"w":58,"h":30},
	"rotated": false,
	"trimmed": false,
	"spriteSourceSize": {"x":0,"y":0,"w":58,"h":30},
	"sourceSize": {"w":58,"h":30}
},
"ReadyButton.png":
{
	"frame": {"x":160,"y":384,"w":160,"h":160},
	"rotated": false,
	"trimmed": false,
	"spriteSourceSize": {"x":0,"y":0,"w":160,"h":160},
	"sourceSize": {"w":160,"h":160}
},
"Shield.png":
{
	"frame": {"x":156,"y":278,"w":90,"h":90},
	"rotated": false,
	"trimmed": false,
	"spriteSourceSize": {"x":0,"y":0,"w":90,"h":90},
	"sourceSize": {"w":90,"h":90}
},
"ShipType3Support.png":
{
	"frame": {"x":88,"y":132,"w":50,"h":50},
	"rotated": false,
	"trimmed": false,
	"spriteSourceSize": {"x":0,"y":0,"w":50,"h":50},
	"sourceSize": {"w":50,"h":50}
},
"Spaceship1-Partner.png":
{
	"frame": {"x":840,"y":200,"w":78,"h":78},
	"rotated": false,
	"trimmed": false,
	"spriteSourceSize": {"x":0,"y":0,"w":78,"h":78},
	"sourceSize": {"w":78,"h":78}
},
"Spaceship1-Player.png":
{
	"frame": {"x":78,"y":278,"w":78,"h":78},
	"rotated": false,
	"trimmed": false,
	"spriteSourceSize": {"x":0,"y":0,"w":78,"h":78},
	"sourceSize": {"w":78,"h":78}
},
"Spaceship1Left-Partner.png":
{
	"frame": {"x":762,"y":200,"w":78,"h":78},
	"rotated": false,
	"trimmed": false,
	"spriteSourceSize": {"x":0,"y":0,"w":78,"h":78},
	"sourceSize": {"w":78,"h":78}
},
"Spaceship1Left-Player.png":
{
	"frame": {"x":0,"y":278,"w":78,"h":78},
	"rotated": false,
	"trimmed": false,
	"spriteSourceSize": {"x":0,"y":0,"w":78,"h":78},
	"sourceSize": {"w":78,"h":78}
},
"Spaceship1Right-Partner.png":
{
	"frame": {"x":606,"y":200,"w":78,"h":78},
	"rotated": false,
	"trimmed": false,
	"spriteSourceSize": {"x":0,"y":0,"w":78,"h":78},
	"sourceSize": {"w":78,"h":78}
},
"Spaceship1Right-Player.png":
{
	"frame": {"x":684,"y":200,"w":78,"h":78},
	"rotated": false,
	"trimmed": false,
	"spriteSourceSize": {"x":0,"y":0,"w":78,"h":78},
	"sourceSize": {"w":78,"h":78}
},
"Spaceship2-Partner.png":
{
	"frame": {"x":0,"y":200,"w":82,"h":68},
	"rotated": false,
	"trimmed": false,
	"spriteSourceSize": {"x":0,"y":0,"w":82,"h":68},
	"sourceSize": {"w":82,"h":68}
},
"Spaceship2-Player.png":
{
	"frame": {"x":878,"y":132,"w":82,"h":68},
	"rotated": false,
	"trimmed": false,
	"spriteSourceSize": {"x":0,"y":0,"w":82,"h":68},
	"sourceSize": {"w":82,"h":68}
},
"Spaceship2Left-Partner.png":
{
	"frame": {"x":158,"y":200,"w":76,"h":68},
	"rotated": false,
	"trimmed": false,
	"spriteSourceSize": {"x":0,"y":0,"w":76,"h":68},
	"sourceSize": {"w":76,"h":68}
},
"Spaceship2Left-Player.png":
{
	"frame": {"x":82,"y":200,"w":76,"h":68},
	"rotated": false,
	"trimmed": false,
	"spriteSourceSize": {"x":0,"y":0,"w":76,"h":68},
	"sourceSize": {"w":76,"h":68}
},
"Spaceship2Right-Partner.png":
{
	"frame": {"x":802,"y":132,"w":76,"h":68},
	"rotated": false,
	"trimmed": false,
	"spriteSourceSize": {"x":0,"y":0,"w":76,"h":68},
	"sourceSize": {"w":76,"h":68}
},
"Spaceship2Right-Player.png":
{
	"frame": {"x":658,"y":132,"w":76,"h":68},
	"rotated": false,
	"trimmed": false,
	"spriteSourceSize": {"x":0,"y":0,"w":76,"h":68},
	"sourceSize": {"w":76,"h":68}
},
"Spaceship3-Partner.png":
{
	"frame": {"x":544,"y":200,"w":62,"h":74},
	"rotated": false,
	"trimmed": false,
	"spriteSourceSize": {"x":0,"y":0,"w":62,"h":74},
	"sourceSize": {"w":62,"h":74}
},
"Spaceship3-Player.png":
{
	"frame": {"x":482,"y":200,"w":62,"h":74},
	"rotated": false,
	"trimmed": false,
	"spriteSourceSize": {"x":0,"y":0,"w":62,"h":74},
	"sourceSize": {"w":62,"h":74}
},
"Spaceship3Left-Partner.png":
{
	"frame": {"x":358,"y":200,"w":62,"h":74},
	"rotated": false,
	"trimmed": false,
	"spriteSourceSize": {"x":0,"y":0,"w":62,"h":74},
	"sourceSize": {"w":62,"h":74}
},
"Spaceship3Left-Player.png":
{
	"frame": {"x":296,"y":200,"w":62,"h":74},
	"rotated": false,
	"trimmed": false,
	"spriteSourceSize": {"x":0,"y":0,"w":62,"h":74},
	"sourceSize": {"w":62,"h":74}
},
"Spaceship3Right-Partner.png":
{
	"frame": {"x":420,"y":200,"w":62,"h":74},
	"rotated": false,
	"trimmed": false,
	"spriteSourceSize": {"x":0,"y":0,"w":62,"h":74},
	"sourceSize": {"w":62,"h":74}
},
"Spaceship3Right-Player.png":
{
	"frame": {"x":234,"y":200,"w":62,"h":74},
	"rotated": false,
	"trimmed": false,
	"spriteSourceSize": {"x":0,"y":0,"w":62,"h":74},
	"sourceSize": {"w":62,"h":74}
}},
"meta": {
	"app": "http://www.codeandweb.com/texturepacker",
	"version": "1.0",
	"image": "assets.png",
	"format": "RGBA8888",
	"size": {"w":960,"h":1304},
	"scale": "1",
	"smartupdate": "$TexturePacker:SmartUpdate:57e2c06913ef9062c6d3b01c5f648239:34b6b940a0780721f4cbe3af5f440100:a759b6bbc8381ac9c472b28f589ad0d6$"
}
}
